{"train_runtime": 271.4706, "train_samples_per_second": 7.367, "train_steps_per_second": 0.022, "total_flos": 182001621532672.0, "train_loss": 2.361318270365397, "train/epoch": 1.536, "train/global_step": 6, "_timestamp": 1719813389.770567, "_runtime": 269.4393980503082, "_step": 0, "_wandb": {"runtime": 261}}